FirstName,LastName,Email,City,Phone
louise,wright,louise.wright90@example.com,shiloh,(107)-193-5135
andrew,stevens,andrew.stevens60@example.com,buffalo,(321)-249-7892
bonnie,crawford,bonnie.crawford92@example.com,tacoma,(839)-911-9551
joann,james,joann.james68@example.com,belen,(766)-352-5896
roland,long,roland.long65@example.com,anna,(142)-391-2432
russell,collins,russell.collins29@example.com,greeley,(101)-635-5947
margie,hayes,margie.hayes11@example.com,arlington,(271)-877-5696
tiffany,sims,tiffany.sims77@example.com,wichita falls,(937)-754-1057
wayne,perry,wayne.perry58@example.com,providence,(207)-133-9306
bryan,anderson,bryan.anderson86@example.com,raleigh,(176)-338-5672
abigail,clark,abigail.clark42@example.com,coppell,(115)-892-1919
lily,burton,lily.burton74@example.com,roseburg,(883)-232-3371
harry,jimenez,harry.jimenez43@example.com,long beach,(295)-111-8651
andrea,romero,andrea.romero43@example.com,shiloh,(739)-218-1639
raul,pena,raul.pena45@example.com,north valley,(993)-323-7762
oscar,burton,oscar.burton50@example.com,joliet,(671)-697-8892
phyllis,morrison,phyllis.morrison48@example.com,carrollton,(933)-931-5146
nathaniel,willis,nathaniel.willis38@example.com,grapevine,(215)-448-6699
renee,cole,renee.cole98@example.com,altoona,(951)-290-7657
barry,hernandez,barry.hernandez72@example.com,desoto,(990)-613-6916
